Keyword,Category,Clicks,Branded,Category Status
法人用 PC,ターゲットユーザ,0.0,False,
Windows 11 移行, 製品目的,0.0,False,
業務用ソフト　インストール,コアサービス,0.0,False,
法人用 PC Windows 11,製品目的,0.0,False,wider
業務用 PC 移行,製品目的,0.0,False,wider
企業用 PC 購入,製品目的,0.0,False,wider
法人向け PC サポート,製品目的,0.0,False,wider
業務用 PC 導入,製品目的,0.0,False,wider
企業向け PC 移行,製品目的,0.0,False,wider
PC キッティングサービス,コアサービス,0.0,False,deeper
PC 設定代行,コアサービス,0.0,False,deeper
アプリインストールサービス,コアサービス,0.0,False,deeper
ハード構成変更,コアサービス,0.0,False,deeper
マスター端末作成,コアサービス,0.0,False,deeper
PC 複製サービス,コアサービス,0.0,False,deeper
法人向け PC,ターゲットユーザ,0.0,False,deeper
企業用 PC,ターゲットユーザ,0.0,False,deeper
中小企業 PC,ターゲットユーザ,0.0,False,deeper
大企業 PC,ターゲットユーザ,0.0,False,deeper
在宅勤務 PC,ターゲットユーザ,0.0,False,deeper
支社用 PC,ターゲットユーザ,0.0,False,deeper
法人用 PC セキュリティ,セキュリティ,0.0,False,wider
業務用 PC セキュリティ対策,セキュリティ,0.0,False,wider
企業用 PC 情報漏洩防止,セキュリティ,0.0,False,wider
法人向け PC セキュリティ強化,セキュリティ,0.0,False,wider
業務用 PC セキュリティソフト,セキュリティ,0.0,False,wider
企業向け PC セキュリティサービス,セキュリティ,0.0,False,wider
法人用 PC サポート,サポート,0.0,False,wider
業務用 PC サポートサービス,サポート,0.0,False,wider
企業用 PC サポート体制,サポート,0.0,False,wider
法人向け PC サポートプラン,サポート,0.0,False,wider
業務用 PC サポート対応,サポート,0.0,False,wider
企業向け PC サポートサービス,サポート,0.0,False,wider
法人用 PC コスト削減,コスト,0.0,False,wider
業務用 PC コストパフォーマンス,コスト,0.0,False,wider
企業用 PC コスト管理,コスト,0.0,False,wider
法人向け PC コスト比較,コスト,0.0,False,wider
業務用 PC コスト効率,コスト,0.0,False,wider
企業向け PC コスト最適化,コスト,0.0,False,wider
法人用 PC 導入支援,導入,0.0,False,wider
業務用 PC 導入サポート,導入,0.0,False,wider
企業用 PC 導入計画,導入,0.0,False,wider
法人向け PC 導入事例,導入,0.0,False,wider
業務用 PC 導入プロセス,導入,0.0,False,wider
企業向け PC 導入サービス,導入,0.0,False,wider
